Категория,Вопрос,Ответ
Поступление,Учитывается ли средний балл аттестата? Как?,"Средний балл аттестата учитывается при ранжировании поступающих на этапе зачисления (V глава, п. 1.6). Также за аттестат с отличием дополнительно присваиваются 3 балла в качестве индивидуального достижения."
Поступление,После СПО есть возможность поступить на бюджет?,"Выпускники с дипломом СПО участвуют в конкурсе наравне с выпускниками школ на всех направлениях. Для участия в конкурсе необходимо будет подать документы в приемную комиссию и сдать вступительные испытания (если не записались на сдачу ЕГЭ вместе со школьниками), проводимые в УрФУ, после чего получите общую сумму баллов за вступительные испытания и будете числиться в списках поступающих."
Поступление,Можно ли изменить выбор образовательных программ до зачисления на бакалавриат на бюджет?,"Да, но только до 26 июля (по результатам ЕГЭ), до 17 июля (по вступительным испытаниям)."
Поступление,Можно ли подавать документы и на бюджет и на контракт? Что нужно сделать?,"Да можно. Для этого в заявлении поставить галочку и на бюджет, и на контракт."
Поступление,Можно ли поступить в магистратуру после специалитета?,"Можно, зависит от направления подготовки, по которому было получено высшее образование."
Поступление,Какой конкурс (человек/место) был в прошлом году? А в этом году? ,"Информации о проходных баллах не публикуется отдельным списком на сайте УрФУ. Можно посмотреть приказы и о зачислении 2020 года, там указаны баллы, с которыми были зачислены на бюджет абитуриенты. "
Поступление,Будут ли еще дни открытых дверей? ,Информация об онлайн-консультациях доступна в группе «Хочу в УрФУ»
Поступление,Учитывается ли сочинение? Как? ,Сочинение не учитывается
Поступление,Обязательно ли проходить медосмотр перед поступлением?,"Медосмотр перед поступлением обязателен, если вы поселяетесь в общежитие. На некоторые направления есть медицинские ограничения, отсутствие которых подтверждается справкой 086. Медосмотр для занятий физкультурой вы пройдете в первые месяцы учебы"
Поступление,"Какие должны быть мои дальнейшие действия, после того как я увидела себя в приказе о зачислении?","Поздравляем! Вы поступили в наш университет. Далее с вами должен связаться ваш наставник, который добавит вас в вашу академическую группу. Он расскажет вам, куда будет необходимо прийти 1 сентября."
Поступление,На сколько направлений можно подать документы в вуз?,В 2021 году можно подать на 7 направлений подготовки в вузе.
Поступление,"Что будет, если согласие на зачисление предоставить в последний день? Его успеют рассмотреть или я выпаду из конкурса?","Все заявления, которые будут отправлены в срок, будут рассмотрены."
Поступление,"Если я отзову согласие на зачисление, а потом передумаю, но до конца дедлайна по его предоставлению, я могу его загрузить обратно?","Да, можете."
Поступление,"Как я могу узнать, что точно зачислена на контракт, если количество мест там тоже ограничено?","Зачисление на контракт происходит после оплаты обучения — полного или частичного. Не обязательно дожидаться приказа о зачислении. Чаще всего количество мест на контракте — это условная величина, на нее не стоит ориентироваться при выборе направления подготовки."
Поступление,"Если у меня и еще кого-то будет одинаковое количество баллов, как будут выбирать того, кто поступит?",Будут смотреть по среднему баллу аттестата.
Поступление,Для чего нужны фотографии при подаче документов? ,"Фотографии идут в личное дело, на пропуск в общежитие и т.д."
Поступление,Что такое согласие на зачисление? Его нужно писать на каждое направление?,"Заявление о согласии на зачисление - документ, который показывает, куда хочет быть зачисленным абитуриент. Абитуриент вправе подать в один и тот же вуз не более двух согласий о зачислении. Так что стоит хорошо подумать перед тем, чтобы писать согласие на то или иное направление."
Поступление,Могу ли я подать документы и сдать вступительные онлайн?,"Да, такая возможность предусмотрена правилами приема."
Поступление,Когда можно подать документы на поступление? В каком пункте прописаны даты завершения приема документов?,Прием документов начинается 17 июня. Остальные даты приема 2021 можно посмотреть в календаре приема https://urfu.ru/ru/applicant/docs-abiturient/kalendar-priema/
Поступление,Какие документы нужны при поступлении? А если я еще и льготу имею? ,"Перечень документов для всех групп поступающих указан в разделе 2, пункте 2 правил приема 2021."
Поступление,На какие специальности нужно подать еще и ксерокопию мед. справки? Какой формы необходима мед.справка?,"Форма справки 086У 11.05.02. «Радиоэлектронные системы и комплексы» 13.03.01. «Теплоэнергетика и теплотехника» 13.03.02. «Электроэнергетика и электротехника» 30.05.01. «Медицинская биохимия» 30.05.02. «Медицинская биофизика» 30.05.03. «Медицинская кибернетика» 14.03.02. «Ядерные физика и технологии» 14.05.01. «Ядерные реакторы и материалы» 14.05.02. «Атомные станции: проектирование, эксплуатация и инжиниринг» 14.05.03. «Технологии разделения изотопов и ядерное топливо» 14.05.04. «Электроника и автоматизация физических установок» 20.05.01. «Пожарная безопасность» 23.03.02. «Наземные транспортно-технологические комплексы» 23.03.03. «Эксплуатация транспортно-технологических комплексов» 23.05.02. «Транспортные средства специального назначения»"
Поступление,Как и где подать документы для поступления? ,"Лично по адресу ул. Мира 19 (при благоприятной эпид обстановке), по почте или в электронном виде через личный кабинет абитуриента или портал Госуслуг"
Поступление,"Обязательно ли подавать заявление о согласии на зачисление, если оригинал аттестата (диплома) уже предоставлен в университет?","Обязательно подать заявление о согласии на зачисление (до 28 июля 18:00 этап приоритетного зачисления, до 3 августа 18:00 этап зачисления на основные конкурсные места), иначе абитуриент зачислен не будет."
Поступление,"Если подавать документы в вуз на несколько факультетов, то нужен один комплект документов или несколько?",Один пакет.
Поступление,"Если мне нет 18 лет, могу ли я подавать документы без родителей? Нужно ли какое-либо их согласие?","Поступающим самостоятельно (нет 18 лет) необходимо распечатать форму заявления из раздела ""Абитуриенту"" - ""Подать документы почтой"" - ""Заявление: согласие родителей на обработку персональных данных""."
Поступление,Как вообще сканировать аттестат? Все страницы? А корочку надо? А удостоверение к медали?,"Необходимо сканировать страницы, где указана фамилия, имя, серия и номер аттестата, а также вкладыш с оценками. Корочку сканировать не надо. У удостоверения необходимо сканировать только внутреннюю часть."
Поступление,На какой курс можно поступить в вуз после колледжа? ,Поступление возможно только на 1 курс. Далее возможен перевод на ускоренную форму обучения для окончивших колледж и поступивших на смежную специальность. Ускоренная форма есть только по заочной форме и только по контракту.
Поступление,Влияет ли моя специальность в колледже на поступление в УрФУ?,На само поступление специальность не влияет.
Поступление,Как осуществляется распределение мест относительно льготной категории граждан?,"Льготная категория зачисляется в нулевую волну, самой первой."
Поступление,Как поступить с помощью целевого?,"Для этого заранее нужно договориться с предприятием, которая оплатит ваше целевое обучение. Между вузом, организацией и вами заключается трехсторонний договор. Подробности можно узнать здесь: https://urfu.ru/ru/applicant/priem-na-celevoe-obuchenie/ "
Поступление,Какую математику нужно сдавать на мою программу — профильную или базовую?,"На все программы обучения УрФУ сдается базовая математика. Профильная сдается на определенные программы, с ними можно ознакомиться в списке программ обучения."
Поступление,Рассматривается ли портфолио?,Портфолио может быть рассмотрено на некоторых направлениях с экзаменом творческой или профессиональной направленности.
Стипендии и скидки,Можно ли иметь стипендию на платном?,"Можно, если вы относитесь к категории лиц, претендующих на социальную помощь. Также студентам-контрактникам доступен ряд именных стипендий за успехи в учебе, науке или общественной деятельности"
Стипендии и скидки,Как повысить стипендию?,"Повышенную стипендию можно получить если вы: а. Талантливый первокурсник и у вас имеется то количество баллов ЕГЭ, за которые назначается повышенная стипендия(в 2020 году это были 280 б. на гуманитарные специальности, и 270 на естественно-технические); б. Отличник учебы; в. Лидер внеучебного рейтинга; г. Относитесь к категориям малоимущих граждан и граждан, которым полагается соц. помощь."
Стипендии и скидки,Как получить скидку?,"Скидка за обучение зависит от количество баллов ЕГЭ, с которыми вы поступаете, или от вашей учебы в течение года. Чем выше итоговый балл в семестре – тем выше вероятность получить скидку или перейти на бюджет. "
Стипендии и скидки,"Есть ли скидки для платников? Если да, то какие? ","Да, есть. Зависит от суммы баллов ЕГЭ  – до 40,%  – и от дальнейшего обучения. Чем выше ваш учебный рейтинг – тем больше вероятность получить хорошую скидку или перевестись на бюджет."
Стипендии и скидки,"В одном из институтов были гранты на обучение, в 2021 году они останутся?","Да, гранты есть в двух институтах: Уральский гуманитарный институт и институт экономики и управления. "
Стипендии и скидки,"Какие стипендии можно получать сразу, поступив на первый курс?",Информация о стипендиях здесь: https://urfu.ru/ru/students/study/scholarships/
Стипендии и скидки,Можно ли подавать заявления до результатов ЕГЭ?,Да.
Стипендии и скидки,Сколько бюджетных мест?,В новом учебном году число бюджетных мест будет рекордно увеличено — 7494 по всем уровням и формам обучения.
ЕГЭ и вступительные,"Можно ли в УрФУ сдать дополнительно предметы, по которым не сдавал ЕГЭ? ","Нет, нельзя. Если абитуриент поступает по результатам ЕГЭ после 11 класса, то он не может сдать дополнительные недостающие предметы."
ЕГЭ и вступительные,Результаты ЕГЭ какого года действуют в этом году? ,"Результаты ЕГЭ, полученные за период: 2017-2021. "
ЕГЭ и вступительные,Где смотреть место и дату вступительных экзаменов? А компьютерных тестирований?,"На сайте, расписание вступительных испытаний будет опубликовано не позднее 1 июня."
ЕГЭ и вступительные,В какой форме проводятся вступительные испытания для получения второго высшего образования?  ,"Вступительные испытания согласно перечню вступительных испытаний, указанных на данное направление подготовки, в форме тестирования-собеседования."
ЕГЭ и вступительные,На какие направления нужно пройти творческое/профессиональное испытание? ,"Архитектура, Технология художественной обработки материалов, Журналистика, Телевидение, Филология, Физическая культура,  История искусств, Дизайн, Медиакоммуникации, Адаптивная физическая культура."
ЕГЭ и вступительные,Магистратура. Какие вступительные и в какой форме проходят? ,"Вступительные испытания проходят в форме компьютерного тестирования. Ознакомиться с программой вступительного испытания можно здесь https://magister.urfu.ru/ru/programs/ , выбрав конкретное направление подготовки. "
ЕГЭ и вступительные,Могут ли вступительные испытания проводиться с использованием дистанционных технологий? ,"Могут, при условии идентификации поступающего при сдаче им вступительных испытаний."
ЕГЭ и вступительные,Где можно посмотреть минимальные баллы ЕГЭ и вступительных испытаний? ,Минимальные баллы на предметы ЕГЭ и ВИ можно посмотреть на сайте УрФУ в разделе «Абитуриенту» - «Минимальные вступительные баллы в 2021 году» или в «Направлениях подготовки».
ЕГЭ и вступительные,Могу  ли  я подавать документы если баллов ЕГЭ меньше проходных?,"Нет, сумма ваших баллов должна быть равна или превышать те баллы, которые указаны на сайте направления. "
ЕГЭ и вступительные,Как готовиться к вступительному творческому испытанию?,"Информация о форме вступительных испытаниях доступна на сайте направления. Также можно посмотреть записи Дней открытых дверей, где преподаватели своих направлений дают рекомендации к подготовке."
ЕГЭ и вступительные,Будут ли в этом году курсы по подготовке к егэ?,"Будут, подробности на сайте: https://urfu.ru/ru/school/podgotovitelnye-kursy/ "
ЕГЭ и вступительные,"Если мне нужно сдавать вступительные, и я не успеваю / не могу сдать их в назначенное время, можно ли это сделать в резервные дни? Если совпадает несколько вступительных экзаменов и на некоторые нет резервов, как быть?","Да, можно сделать в резервные дни. Если совпадают несколько экзаменов и нет резервных мест, тогда лучше уточнить данный вопрос у ответственных отборочной комиссии, их номера можно найти здесь: https://urfu.ru/ru/applicant/contacts/ "
ЕГЭ и вступительные,Нужно ли сдавать ЕГЭ после СПО?,"После выпуска из колледжа или техникума абитуриент проходит вступительные испытания, проводимые УрФУ. ЕГЭ при этом сдавать не обязательно."
ЕГЭ и вступительные,Могу ли я сдать ЕГЭ на базе УрФУ?,Вы можете сдать вступительные экзамены внутри университета.  ЕГЭ университет не проводит.
ЕГЭ и вступительные,"Я окончил колледж, надо ли мне сдавать ЕГЭ? ","Абитуриенты, поступающие в университет на базе среднего профессионального образования, могут сдавать вступительные испытания в УрФУ и в форме ЕГЭ, и в форме компьютерного или бланкового тестирования. У лиц, поступающих по результатам ЕГЭ, нет привилегий по отношению к лицам, поступающим по результатам вступительных испытаний. Обе категории участвуют в общем конкурсе."
ЕГЭ и вступительные,Где я могу посмотреть демо-версии вступительных экзаменов?,"С программами вступительных испытаний вы можете ознакомиться в разделе «Программы вступительных испытаний, проводимых вузом самостоятельно, для поступления на программы ВО». Демо-варианты будут на той же странице сайта, где программы, в марте 2021 года."
ЕГЭ и вступительные,"Могу ли я вместо ЕГЭ поступить по вступительным, если поступаю после 11 класса?","Нет, после 11 класса можно поступить в вуз только по ЕГЭ"
ЕГЭ и вступительные,"Если у меня нет одного предмета ЕГЭ, можно ли мне сдать его в вузе?",Можно записаться на сдачу дополнительного предмета в формате ЕГЭ в следующем году
ЕГЭ и вступительные,"Если я сдам в качестве вступительного испытания, например, русский язык на одно направление, эти баллы учитываются, если я отнесу документы на другое?","Вступительные экзамены не пересдаются, следовательно баллы учитываются."
ЕГЭ и вступительные,"Если у меня есть уважительная причина, по которой я не могу попасть на вступительные, смогу ли я написать экзамен в другое время?",График проведения вступительных испытаний будет сформирован индивидуально для каждого поступающего в личном кабинете абитуриента после одобрения заявления о приеме.
Иностранным студентам,"Я иностранный абитуриент, могу ли поступить по квоте?","Да, информацию можно найти на сайте УрФУ: “Абитуриентам” –> “Иностранным гражданам”"
Иностранным студентам,"Как поступить в вуз, если я из стран СНГ?",Информацию можно найти на сайте УрФУ: “Абитуриентам” –> “Иностранным гражданам”
Иностранным студентам,Будут ли выездные комиссии и когда?,В зависимости от эпидемиологической ситуации вступительные испытания будут проводиться в очном либо дистанционном формате. График проведения вступительных испытаний будет сформирован индивидуально для каждого поступающего в личном кабинете абитуриента после одобрения заявления о приеме.
Иностранным студентам,Могу ли я на заочке заниматься внеучебной деятельностью? ,"Да, но все зависит от организации, в которую вы хотите попасть."
Иностранным студентам,Кто такой наставник? Как стать наставником? ,"Наставники – это студенты старших курсов, которые помогают в адаптации первокурсникам. Каждый год в институтах объявляется набор в наставники, вы можете подать заявку и пройдя отбор, стать наставником."
Иностранным студентам,Нужно ли платить если я вступлю в какую-нибудь организацию?,"Вы платите ежемесячный взнос для того, чтобы стать членом Союза Студентов в УрФУ. Почти вся внеучебная деятельность проходит в рамках деятельности Союза. "
Иностранным студентам,Внеучебка влияет на рейтинг?,"Да, влияет. Чем активнее вы проявляйте себя во вне учебной деятельности, тем больше баллов она добавляет вам в общий рейтинг. "
Иностранным студентам,Какие дополнительные активности есть в университете? Чем там можно заниматься? ,"Вступить в Союз Студентов УрФУ и выбрать деятельность по душе! Можно вступить в студенческий медиацентр, фотоклуб, клуб иностранных языков. Также есть спортивные секции, творческие коллективы и студ. отряды."
Иностранным студентам,Как попасть в спортивную команду института?,"Вы сможете стать участником спортивной команды университета, связавшись с тренером и пройдя отбор. Подробнее: https://sport.urfu.ru/activity/ "
Иностранным студентам,Что такое профсоюзы? Как туда попасть? Чем они занимаются?,"Профсоюзная организация студентов (Союз студентов) УрФУ — команда, создающая образовательные и развлекательные проекты для таких же учащихся. Вся деятельность союза направлена на управление и развитие студенческих коллективов и инициатив. Поселение, социальная поддержка, спорт, развитие дополнительных компетенций и успешное трудоустройство — все это создано общими усилиями студенческого профсоюза. Чтобы вступить в профсоюз необходимо заполнить заявление о вступлении и внести профсоюзный взнос."
Иностранным студентам,"Могу ли я уезжать на соревнования, будет ли это мешать учебе?","Об этом нужно будет оповестить деканат и преподавателей. Ситуация может решиться по-разному — преподаватель может попросить досдать необходимые контрольные и самостоятельные работы после возвращения с соревнований. Если соревнования выпадут на время сессии, то также важно заранее договориться с деканатом и преподавателями на досрочную сдачу экзаменов и зачетов."
Иностранным студентам,Есть ли смысл вступать в союз студентов? Какие от этого плюсы? ,"Союз студентов – самая большая студенческая организация УрФУ. Ее деятельность затрагивает все грани студенческой жизни. Союз студентов реализует образовательные, развлекательные, спортивные, творческие, карьерные проекты. И каждый день эта организация делает  жизнь в УрФУ лучше и лучше! Также профсоюзный билет дает множество скидок и возможность получить материальную помощь."
Общежития,Предоставляется ли общежитие на время поступления (вступительных испытаний)? ,Да
Общежития,Легко попасть в общежития? Всех ли заселяют? Влияют на это баллы егэ? Далеко общежитие от института? ,В общежития УрФУ первокурсников заселяют на основании баллов ЕГЭ и количества мест в квоте института. При этом особые категории граждан обязательны к поселению.  Общежития находятся в шаговой доступности от университета.
Общежития,На сколько лет я могу получить общежитие?,"Общежитие можно получить на весь период обучения, если соблюдать правила проживания, закрывать сессии без долгов и заниматься внеучебной деятельностью."
Общежития,Из-за чего могут выселить из общежития?,"Из-за нарушения правил проживания в общежитии, нарушения устава университета, нарушений проходящие через службу безопасности университета, нарушения контрольно-пропускного режима."
Общежития,Примерная стоимость общежития?,Стоимость за месяц проживания составит примерно 800-1000 рублей.
Общежития,Нужна ли для заселения справка 086?,"Да, при этом, если вы проходите медкомиссию по месту жительства, необходимо будет заверить вашу пройденную комиссию в поликлинике на Комсомольской, 59."
Общежития,Сколько людей в комнатах живут в общежитии?,"По разному, в зависимости от размера комнаты. Чаще всего, это комнаты на 3-4 человека. Комнаты на 2 человека в 95%  случаев предоставляются студентам, выполняющим дипломные работы (бакалавриат - 4 курс, специалитет - 5 курс, магистрам 1 и 2 года обучения)."
Учеба,Обязательно ли проходить медосмотр каждый год?,"Да, это необходимо для определения группы на физкультуре и каких-либо отклонений."
Учеба,"Как получить справку о том, что я студент?",В деканате Вашего института или заказать ее через Личный кабинет студента.
Учеба,Как проходит заочная форма обучения? И сколько она длится по времени?,"Здравствуйте! Заочная форма обучения предполагает самостоятельное изучение дисциплин и очное присутствие студента только в период аттестационной сессии. Всё зависит от выбранного Вами направления, подронее можно посмотреть в направлениях подготовки или обратиться к руководителю образовательной программы. Стоимость можно посмотреть в приказе о стоимости обучения."
Учеба,"Что делать, если со мной не связался наставник?","Вам необходимо написать в сообщения сообщества того института, куда вы поступили."
Учеба,Когда появляется расписание занятий? ,С расписанием занятий можно будет ознакомиться в последнюю неделю августа либо в начале сентября.
Учеба,Где я могу оплатить обучение? ,Обучение можно оплатить двумя способами: лично в кассе университета либо через Сбербанк.Онлайн.
Учеба,"Что будет, если потерять студенческий/пропуск общаги? ","Нужно будет восстанавливать документы, также вам сделают запись в личное дело за утерю документов."
Учеба,На факультете можно выбирать иностранный язык?,"Зависит от вашего направления подготовки, на некоторых факультетах допускается выбор основного иностранного языка."
Учеба,Какое направление будет записано в дипломе?,"В дипломе будет обозначено присвоение  вам конкретной квалификации и присвоения вами область знаний. Так, чтобы точно понять, что у вас будет записано, стоит обратить внимание на код вашей специализации. "
Учеба,Как рассчитывается БРС?,"БРС – балльно-рейтинговая система, максимальное значение и наивысшая оценка в которой – 100. По сути, почти любой предмет делится на два блока : лекционные занятия, куда входит и итоговая аттестация, и практические – за каждый вы можете получить определенное количество баллов, обусловленное коэффициентом. Например, коэффициент  блока 0.4, то у второго – 0.6. И если вы в первом блоке  получаете 89 баллов, то ваш итоговый результат будет 89/0.4 = 35.6 Если за второй блок вы получите 100, то итоговый – 100/0.6=60 И итоговая сумма баллов выходит 60+35.5=95.5"
Учеба,Можно ли взять академический отпуск?,"Можно, если ваша ситуация подходит под одну из описанных здесь: https://urfu.ru/fileadmin/user_upload/common_files/academic_council/Polozhenie_ob_akademicheskom_otpuske.docx "
Учеба,В каком корпусе  я буду учиться?,"Зависит от направления подготовки. Большинство корпусов находятся рядом с ГУКом - главным зданием, на ул.Мира 19. Иногда занятия могут проходить на Тургенева, Куйбышева, Ленина, Чапаева и Гоголя."
Учеба,Как выбрать физ-ру?,"После того, как у вас появится доступ в личном кабинете студента. Как правило выбор открывается в сентябре, после первой ознакомительной лекции. "
Учеба,На физ-ру можно не ходить?,Физкультура – такой же предмет как и все остальные. Все зависит от преподавателя и вашего отношения к посещению предмета
Учеба,Есть ли отработки?,Нет
Учеба,Сколько всего пар в неделю?,Зависит от направления. Как правило от двух пар шесть раз в неделю. 
Учеба,"Как и где узнать, какие конкретно специальности подготавливает то или иное направление/факультет?",На сайте представлена подробная информация: https://urfu.ru/ru/applicant/docs-abiturient/programs/
Учеба,"Чем ВУЗ отличается от других, какие у него есть особенности? ","Уральский федеральный университет — один из ведущих вузов России. Сегодня в вузе учится 36 000 студентов под руководством 4 000 преподавателей. Всего в Уральском федеральном 14 учебных зданий и 16 общежитий, два из которых совершенно новые, а строительство еще одного началось этой зимой. Есть спортивные объекты, где студенты не только занимаются физкультурой, но и тренируются в свободное время. Если говорить о позициях университета в стране и мире, то по всем направлениям подготовки среди российских вузов по рейтингу издания Forbes УрФУ находится на 4 месте. УрФУ на 2 месте в рейтинге RAEX по востребованности университетов российской экономикой и на 8 месте по востребованности выпускников у работодателей. Вы можете выбрать любую из более чем 300 образовательных программ по пяти укрупненным блокам: информационные технологии, социогуманитарные науки и технологии, инженерные науки, естественные науки и математика, экономика и управление.  Талантливые студенты УрФУ могут рассчитывать на повышенные стипендии. Победители и призеры олимпиад, а также высокобалльники по результатам ЕГЭ получают стипендии до 30 000 рублей с первого месяца обучения. Студенты могут всесторонне развиваться: в спорте, творчестве и науке. В вузе действуют десятки внеучебных организаций, где каждый сможет найти себе дело по душе или открыть в себе новые таланты. В числе лидеров — Союз студентов УрФУ, крупнейший в регионе волонтерский центр «Волонтеры Урала», центр творчества студентов и многие другие."
Учеба,Существуют ли программы обмена в другие страны? С какими университетами сотрудничает УрФУ?,"Да, в УрФУ существует программа международного студенческого обмена. Подробнее можно посмотреть информацию здесь: https://urfu.ru/ru/international/mobility/ "
Учеба,Чего следует  ожидать от первой сессии? ,"Кому-то этот период дается легко, кому-то – не очень. Сдав свою первую сессию, первокурсники становятся на шаг ближе к званию настоящего студента. Ее не стоит бояться, но отнеситесь к ней ответственно, тогда у вас все получится!"
Учеба,С какого курса начинаются предметы по специализации? Где можно найти список всех дисциплин на изучаемом факультете?,"У каждого направления предметы по специализации начинаются по-разному. Кто-то начинает изучать специализированные предметы с первого курса, кто-то получает такие знания со второго. Чаще всего только специализированные предметы стартуют с третьего курса. Список всех изучаемых дисциплин можно посмотреть в каталоге образовательных программ УрФУ во вкладке «Документы»."
Учеба,"Если мне нельзя заниматься физкультурой, как быть?",В УрФУ возможен выбор модуля и категории Физической Культуры.
Учеба,Смогу ли я позже перевестись с коммерции на бюджет?,"При наличии вакантных бюджетных мест можно перевестись, подробнее посмотрите на сайте студентам- перевод и восстановление или позвоните Ответственному от институтов УрФУ за перевод и восстановление студентов."
Учеба,"Можно ли как-то посмотреть, как выглядит вуз внутри?","Да, для этого университет разработал виртуальные туры: https://urfu.ru/ru/about/online-museum/ "
Учеба,На практику устраивает вуз или придется искать ее самостоятельно?,"Университет активно помогает с поиском практики для студентов. У вуза налажены контакты со множеством партнеров и работодателей как города, так и области."
Учеба,Как я свяжусь со своей группой перед началом пар?,"После появления приказов о зачислении с вами свяжутся наставники направления, на которое вы поступили. Если появятся какие-либо вопросы вы можете обратиться в отборочную комиссию вашего института."
Учеба,Кто-то поможет нам адаптироваться к учебе?,"Наставники – ваши проводники в студенческой жизни. Они будут помогать вам влиться в университетскую рутину, а также ответят на все ваши вопросы."
Учеба,Есть ли военная кафедра? Как на нее поступить? Что она дает?,"Да при университете работает военно-учебный центр (ВУЦ), который осуществляет подготовку офицерских кадров — сержантов и лейтенантов запаса. Поступить на нее можно начиная со второго курса очной формы обучения. Для участия в конкурсном отборе нужно подать заявление, подать необходимые документы и пройти медкомиссию. Во время конкурсного отбора анализируются заключение медкомиссии, успеваемость за первый курс и результаты нормативов (подтягивания, бег на 100 и 3000 метров)."
Учеба,"Если я поступлю на одну специальность, могу ли я со второго семестра перевестись на другую?","Да, перевод возможен, но при наличии мест, также нужно будет закрыть академическую разницу."
Учеба,Что такое БРС?,"Балльно-рейтинговая система. Это система оценивания студентов во время обучения в семестре и на сессии. Как правило, оценка за предмет является средним арифметическаим между работой в семестре и ответом на экзамене."
Учеба,Какие самые топовые специальности в вузе?,"Все специальности в УрФУ прекрасны по-своему, важно определиться, что нравится вам больше всего, и чем в будущем вы хотите заниматься."
Учеба,Смогу ли я совмещать учебу и работу? ,"Все зависит от ваших возможностей, специальности и профессии, но есть множество примеров, когда наши студенты совмещают работу и учебу, многие также работают в университете."
Учеба,Что лучше бакалавриат или специалитет?,"Бакалавриат – это обучение на 4 года, для того, чтобы дополнить свое образование, можно поступить в магистратуру, но в магистратуре вы можете получить отличное от бакалавриата образование, тем самым разнообразить свои компетенции. Специлитет – это обучение на 5 лет, после него не обязательно поступать в магистратуру, это более фундаментальное образование. Куда поступать, зависит от вашего выбора."
Трудоустройство,Сотрудничает ли вуз с компаниями для дальнейшего трудоустройства?,У университета множество партнеров по всему миру. Для детального ознакомления лучше изучить сию страницу:  https://urfu.ru/ru/international/inostrannye-partnery/ 
Трудоустройство,Можно ли работать в зарубежных странах с дипломом УрФУ?,"Да, но каждый случай индивидуален. Также в УрФУ есть программа двойных дипломов. https://programs.edu.urfu.ru/ru/10071/pages/double/"
Индивидуальные достижения,"Сколько баллов я могу получить за Тест-драйв, участие в каком году все еще действительно?",
Индивидуальные достижения,С какого класса учитываются индивидуальные достижения?,
Индивидуальные достижения,За что можно получить дополнительные баллы? Сколько максимально можно получить?,
Индивидуальные достижения,Существуют ли какие-либо льготы для абитуриентов с инвалидностью?,"Да, найти информацию можно на сайте в разделе “Поступающим с ограниченными возможностями здоровья”: https://urfu.ru/ru/applicant/docs-abiturient/persons-with-disabilities/ "
Индивидуальные достижения,"Как понять дает ли льготы та или иная олимпиада, в которой я победил?",
Индивидуальные достижения,Кому дается 100 баллов соответствующего вступительного испытания? ,"Победителям и призерам всероссийской олимпиады, членам сборных команд, победителям и призерам олимпиад школьников, не соответствующим профилю олимпиады, победителям и призерам олимпиад школьников при приеме на обучение по программам соответствующим  профилю олимпиады по решению приемной комиссии."
Индивидуальные достижения,На какие направления подготовки магистратуры начисляются дополнительные баллы дипломантам олимпиады «Я профессионал»?,В рамках профиля олимпиады.
Индивидуальные достижения,Даются ли дополнительные баллы за наличие волонтёрской книжки?,"Да, 2 балла (не менее 50 отработанных часов)."